{
  "metrics": {
    "data_sent": {
      "count": 114988333,
      "rate": 479095.8841683179
    },
    "http_req_duration{endpoint:days}": {
      "avg": 9.196162828693055,
      "min": 1.22898,
      "med": 8.9538145,
      "max": 190.992753,
      "p(90)": 15.1971506,
      "p(95)": 17.964479799999996,
      "thresholds": {
        "p(95)<300": false
      }
    },
    "vus": {
      "min": 1,
      "max": 20,
      "value": 1
    },
    "vus_max": {
      "max": 20,
      "value": 20,
      "min": 20
    },
    "checks": {
      "passes": 349409,
      "fails": 0,
      "value": 1
    },
    "http_req_duration{endpoint:list}": {
      "min": 1.946378,
      "med": 24.4837595,
      "max": 162.286864,
      "p(90)": 42.088221499999996,
      "p(95)": 48.11915929999998,
      "avg": 24.66494428908319,
      "thresholds": {
        "p(95)<300": false
      }
    },
    "http_req_waiting": {
      "avg": 15.750769856507619,
      "min": 1.093843,
      "med": 13.420598,
      "max": 194.476146,
      "p(90)": 29.341102,
      "p(95)": 34.463082
    },
    "group_duration": {
      "med": 42.3841685,
      "max": 383.807884,
      "p(90)": 123.79752560000001,
      "p(95)": 135.08393009999998,
      "avg": 53.5488451323988,
      "min": 1.591742
    },
    "http_req_duration{endpoint:snapshot}": {
      "med": 8.6086885,
      "max": 194.534436,
      "p(90)": 14.779521799999998,
      "p(95)": 17.501429499999997,
      "avg": 8.893136676206577,
      "min": 1.136213,
      "thresholds": {
        "p(95)<300": false
      }
    },
    "iteration_duration": {
      "max": 547.976591,
      "p(90)": 231.876012,
      "p(95)": 249.70805619999993,
      "avg": 160.77993860367266,
      "min": 21.0044,
      "med": 185.85623800000002
    },
    "http_req_tls_handshaking": {
      "avg": 0,
      "min": 0,
      "med": 0,
      "max": 0,
      "p(90)": 0,
      "p(95)": 0
    },
    "http_req_duration{endpoint:cfd}": {
      "p(95)": 18.034558749999995,
      "avg": 9.193461903333699,
      "min": 1.201423,
      "med": 8.937773499999999,
      "max": 137.036885,
      "p(90)": 15.1059019,
      "thresholds": {
        "p(95)<300": false
      }
    },
    "iterations": {
      "count": 21838,
      "rate": 90.98745625321592
    },
    "http_req_failed": {
      "passes": 0,
      "fails": 218381,
      "thresholds": {
        "rate<0.01": false
      },
      "value": 0
    },
    "http_req_receiving": {
      "max": 147.352188,
      "p(90)": 0.077365,
      "p(95)": 0.103444,
      "avg": 0.07132258355351385,
      "min": 0.015059,
      "med": 0.042319
    },
    "http_req_duration": {
      "min": 1.136213,
      "med": 13.516111,
      "max": 194.534436,
      "p(90)": 29.446174,
      "p(95)": 34.591161,
      "avg": 15.846975094834235
    },
    "http_req_duration{expected_response:true}": {
      "min": 1.136213,
      "med": 13.516111,
      "max": 194.534436,
      "p(90)": 29.446174,
      "p(95)": 34.591161,
      "avg": 15.846975094834235
    },
    "http_req_connecting": {
      "p(90)": 0,
      "p(95)": 0,
      "avg": 0.0001343941139568003,
      "min": 0,
      "med": 0,
      "max": 24.370384
    },
    "http_req_sending": {
      "avg": 0.024882654773080035,
      "min": 0.00535,
      "med": 0.012543,
      "max": 32.733705,
      "p(90)": 0.030227,
      "p(95)": 0.050284
    },
    "http_req_duration{endpoint:create}": {
      "avg": 11.195845598040034,
      "min": 1.515398,
      "med": 10.991764499999999,
      "max": 134.450768,
      "p(90)": 18.208043,
      "p(95)": 21.523720349999994,
      "thresholds": {
        "p(95)<300": false
      }
    },
    "http_req_duration{endpoint:run_day}": {
      "avg": 19.065336772772188,
      "min": 2.287495,
      "med": 19.8917735,
      "max": 192.918695,
      "p(90)": 30.512991000000003,
      "p(95)": 34.775265699999984,
      "thresholds": {
        "p(95)<500": false
      }
    },
    "http_reqs": {
      "rate": 909.8787290060238,
      "count": 218381
    },
    "http_req_blocked": {
      "min": 0.001042,
      "med": 0.003316,
      "max": 24.420949,
      "p(90)": 0.004648,
      "p(95)": 0.006272,
      "avg": 0.005913491700285597
    },
    "data_received": {
      "count": 187601428,
      "rate": 781636.4467071544
    }
  }
}
